﻿Author,Text,AcademicYearsStart,AcademicYearsEnd,Notes
Anon.,HYMN TO DEMETER,1986,2010,
Anon.,GILGAMESH,2008,2008,
Homer,ILIAD,1937,2018,
Homer,ODYSSEY,1956,1957,Spring semester only
Homer,ODYSSEY,1963,1994,
Homer,ODYSSEY,1997,2018,
Sappho,POEMS,1986,1992,
Sappho,POEMS,2015,2018,
Aeschylus,ORESTEIA,1937,2018,
Aeschylus,PROMETHEUS BOUND,1940,1955,
Aeschylus,PROMETHEUS BOUND,1961,1975,1961?
Herodotus,THE HISTORIES,1938,1964,
Herodotus,THE HISTORIES,1966,1970,
Herodotus,THE HISTORIES,1975,1978,
Herodotus,THE HISTORIES,1980,1986,
Herodotus,THE HISTORIES,1995,2018,
Sophocles,OEDIPUS THE KING,1937,2015,
Sophocles,ANTIGONE,1937,1958,
Sophocles,ANTIGONE,1959,1992,
Sophocles,OEDIPUS AT COLONUS,1942,1943,
Sophocles,OEDIPUS AT COLONUS,1954,1958,
Sophocles,OEDIPUS AT COLONUS,1966,1967,
Sophocles,OEDIPUS AT COLONUS,1969,1992,
Sophocles,ELECTRA,1942,1953,
Sophocles,ELECTRA,1958,1959,
Sophocles,PHILOCTETES,1953,1954,
Sophocles,PHILOCTETES,1958,1959,
Sophocles,PHILOCTETES,1960,1965,
Sophocles,PHILOCTETES,1967,1974,
Sophocles,AJAX,1959,1963,
Sophocles,AJAX,1964,1965,
Euripides,ELECTRA,1937,1954,
Euripides,ELECTRA,1958,1979,
Euripides,ELECTRA,1990,1992,
Euripides,IPHIGENIA IN TAURIS,1937,1940,
Euripides,IPHIGENIA IN TAURIS,1954,1955,
Euripides,IPHIGENIA IN TAURIS,1960,1961,
Euripides,IPHIGENIA IN TAURIS,1963,1964,
Euripides,IPHIGENIA IN TAURIS,1966,1967,
Euripides,MEDEA,1937,1941,
Euripides,MEDEA,1942,1945,
Euripides,MEDEA,1948,1954,
Euripides,MEDEA,1955,1958,
Euripides,MEDEA,1959,1960,
Euripides,MEDEA,1961,1963,
Euripides,MEDEA,1982,1990,
Euripides,MEDEA,2003,2015,
Euripides,THE TROJAN WOMEN,1942,1949,
Euripides,THE TROJAN WOMEN,1960,1961,
Euripides,THE TROJAN WOMEN,1969,1974,
Euripides,HIPPOLYTUS,1941,1948,
Euripides,HIPPOLYTUS,1951,1958,
Euripides,HIPPOLYTUS,1959,1975,
Euripides,THE BACCHAE,1944,1948,
Euripides,THE BACCHAE,1958,1959,
Euripides,THE BACCHAE,1961,1962,
Euripides,THE BACCHAE,1963,1964,
Euripides,THE BACCHAE,1966,1967,
Euripides,THE BACCHAE,1969,1970,
Euripides,THE BACCHAE,1977,1978,
Euripides,THE BACCHAE,1980,2002,
Euripides,THE BACCHAE,2015,2018,
Euripides,ALCESTIS,1954,1955,
Euripides,ALCESTIS,1966,1967,
Euripides,ALCESTIS,1969,1971,
Euripides,HERACLES,1962,1974,
Euripides,ORESTES,1969,1974,
Thucydides,THE PELOPONNESIAN WARS,1938,2018,
Aristophanes,FROGS,1937,1948,
Aristophanes,FROGS,1951,1952,
Aristophanes,FROGS,1954,1956,
Aristophanes,FROGS,1957,1958,
Aristophanes,FROGS,1959,1960,
Aristophanes,FROGS,1961,1962,
Aristophanes,FROGS,1966,1980,
Aristophanes,FROGS,1983,1990,
Aristophanes,FROGS,2000,2002,
Aristophanes,CLOUDS,1940,1941,
Aristophanes,CLOUDS,1942,1951,
Aristophanes,CLOUDS,1953,1955,
Aristophanes,CLOUDS,1956,1957,
Aristophanes,CLOUDS,1958,1959,
Aristophanes,CLOUDS,1960,1962,
Aristophanes,CLOUDS,1963,1976,
Aristophanes,CLOUDS,1978,1979,
Aristophanes,CLOUDS,1990,1992,
Aristophanes,CLOUDS,2006,2007,
Aristophanes,BIRDS,1941,1945,
Aristophanes,BIRDS,1950,1951,
Aristophanes,BIRDS,1957,1958,
Aristophanes,THESMOPHORIAZUSAE,1944,1947,
Aristophanes,THESMOPHORIAZUSAE,1948,1950,
Aristophanes,PEACE,1947,1948,
Aristophanes,LYSISTRATA,1951,1952,
Aristophanes,LYSISTRATA,1953,1954,
Aristophanes,LYSISTRATA,1955,1957,
Aristophanes,LYSISTRATA,1958,1960,
Aristophanes,LYSISTRATA,1961,1962,
Aristophanes,LYSISTRATA,1963,1964,
Aristophanes,LYSISTRATA,1966,1979,
Aristophanes,LYSISTRATA,1982,1983,
Aristophanes,LYSISTRATA,1998,2000,
Aristophanes,LYSISTRATA,2003,2005,
Aristophanes,LYSISTRATA,2008,2015,
Plato,APOLOGY,1937,1960,
Plato,APOLOGY,1961,1964,
Plato,APOLOGY,1967,1968,
Plato,APOLOGY,1970,1974,
Plato,APOLOGY,1978,1992,
Plato,APOLOGY,2006,2007,
Plato,SYMPOSIUM,1937,1964,
Plato,SYMPOSIUM,1966,2018,
Plato,TIMAEUS,1969,1970,
Plato,EUTHYPHRO,1951,1958,
Plato,EUTHYPHRO,1962,1964,
Plato,EUTHYPHRO,1967,1968,
Plato,EUTHYPHRO,1970,1971,
Plato,PHAEDRUS,1958,1959,
Plato,PHAEDRUS,1967,1968,
Plato,PHAEDRUS,1969,1970,
Plato,MENO,1959,1960,
Plato,MENO,1969,1970,
Plato,MENO,1971,1974,
Plato,PROTAGORAS,1969,1970,
Plato,PROTAGORAS,1971,1974,
Plato,PHAEDO,1960,1962,
Plato,PHAEDO,1967,1968,
Plato,GORGIAS,1960,1961,
Plato,ION,1961,1962,
Plato,CRITO,1962,1964,
Plato,CRITO,1970,1971,
Plato,CRITO,1978,1979,
Plato,REPUBLIC,1937,1968,
Plato,REPUBLIC,1970,1975,
Plato,REPUBLIC,1977,1990,end date is 199? unknown
Aristotle,POETICS,1937,1969,
Aristotle,POETICS,1972,1992,
Aristotle,ETHICS,1937,1958,
Aristotle,ETHICS,1959,1992,
Aristotle,PSYCHOLOGY,1958,1959,
Aristotle,STATECRAFT,1958,1959,
Aristotle,METAPHYSICS,1958,1959,
Aristotle,METAPHYSICS,1963,1965,
Aristotle,METAPHYSICS,1977,1978,
Aristotle,INTRODUCTION TO ARISTOTLE,1969,1970,
Lucretius,ON THE NATURE OF THE UNIVERSE,1937,1964,
Lucretius,ON THE NATURE OF THE UNIVERSE,1968,1969,
Lucretius,ON THE NATURE OF THE UNIVERSE,1972,1977,
Lucretius,ON THE NATURE OF THE UNIVERSE,1978,1979,
Lucian,SATIRICAL SKETCHES,1962,1963,
Marcus Aurelius,MEDITATIONS,1937,1941,
Vergil,AENEID,1937,1952,
Vergil,AENEID,1953,2018,
Vergil,AENEID,1997,2015,spring only 1997
Vergil,AENEID,2015,2018,Fall semester for 2015
Tacitus,ANNALS,1942,1944,
Tacitus,GERMANY,1942,1944,
Apuleius,GOLDEN ASS,1963,1964,
Apuleius,GOLDEN ASS,1966,1970,
Apuleius,GOLDEN ASS,1972,1977,
Apuleius,GOLDEN ASS,1980,1981,
Apuleius,GOLDEN ASS,1983,1984,
Apuleius,GOLDEN ASS,1993,1998,
Ovid,METAMORPHOSES,1972,1979,
Ovid,METAMORPHOSES,2009,2015,
Ovid,THE EROTIC POEMS,1999,2000,
Petronius,SATYRICON,1969,1970,Spring semester only for 1970
Bible (OT),GENESIS,1948,1949,
Bible (OT),GENESIS,1954,1955,
Bible (OT),GENESIS,1958,1972,
Bible (OT),GENESIS,1973,1994,
Bible (OT),GENESIS,1990,2018,
Bible (OT),JOB,1940,1959,
Bible (OT),JOB,1960,1968,
Bible (OT),JOB,1971,1972,
Bible (OT),JOB,1977,1978,
Bible (OT),JOB,1990,2015,
Bible (OT),JONAH,1990,1992,Fall and Spring semesters for 1992
Bible (OT),AMOS,1953,1954,
Bible (OT),AMOS,1959,1962,
Bible (OT),AMOS,1964,1968,
Bible (OT),ECCLESIASTES,1966,1967,
Bible (OT),ECCLESIASTES,1969,1970,
Bible (OT),EXODUS,1956,1968,
Bible (OT),EXODUS,1966,1968,
Bible (OT),EXODUS,1982,1997,Fall and spring semesters for 1997
Bible (OT),ISAIAH,1962,1963,
Bible (OT),ISAIAH,1986,1990,
Bible (OT),HOSEA,1967,1968,
Bible (NT),MATTHEW,1948,1949,
Bible (NT),MATTHEW,1953,1955,
Bible (NT),MATTHEW,1957,1981,
Bible (NT),MATTHEW,1984,1990,
Bible (NT),MATTHEW,2000,2002,
Bible (NT),LUKE,1990,2000,
Bible (NT),LUKE,2003,2018,
Bible (NT),JOHN,1954,1955,
Bible (NT),JOHN,1957,1972,
Bible (NT),JOHN,1976,1977,
Bible (NT),JOHN,1979,1980,
Bible (NT),JOHN,1990,2018,
Bible (NT),I CORINTHIANS,1957,1958,
Bible (NT),I CORINTHIANS,1965,1969,
Bible (NT),REVELATION,1958,1959,
Bible (NT),REVELATION,1964,1969,
Bible,ROMANS,1959,1964,
Bible,ROMANS,1965,1971,
Bible,ROMANS,1980,1990,
Bible,ROMANS,1995,1997,Fall and spring semesters for 1997
Bible,PROVERBS,1969,1970,
Bible,SONG OF SONGS,1969,1970,
Bible,SONG OF SONGS,1990,1992,
Augustine,CONFESSIONS,1937,1942,
Augustine,CONFESSIONS,1942,2018,
Anon.,BEOWULF,1974,1976,
Anon.,BEOWULF,1978,1980,
Anon.,SIR GAWAIN AND THE GREEN KNIGHT,1973,1978,
Anon.,THE CID,1974,1976,
Anon.,SONG OF ROLAND,1974,1976,
Anon.,HROSWITHA,1990,1992,
Gottfried,TRISTAN,1981,1984,
Gottfried,PARZIFAL,1964,1966,
Dante,INFERNO,1937,2018,
Dante,PURGATORIO,1944,1959,
Dante,PURGATORIO,2007,2010,
Dante,PARADISO,1944,1949,
Dante,PARADISO,1957,1958,
Dante,PARADISO,1965,1966,
Dante,DIVINE COMEDY,1965,1966,
Boccaccio,DECAMERON,1986,2011,
Boccaccio,DECAMERON,2015,2018,
Machiavelli,THE PRINCE,1937,1948,
Rabelais,GARGANTUA AND PANTAGRUEL,1937,1986,
Montaigne,ESSAYS,1937,1960,
Montaigne,ESSAYS,1961,2018,
Montaigne,RAYMOND SEBOND,1960,1961,
Shakespeare,I HENRY IV,1937,1959,
Shakespeare,I HENRY IV,1960,1965,
Shakespeare,I HENRY IV,1980,1981,
Shakespeare,II HENRY IV,1937,1954,
Shakespeare,II HENRY IV,1955,1959,
Shakespeare,II HENRY IV,1960,1961,
Shakespeare,TWELTH NIGHT,1937,1938,
Shakespeare,TWELTH NIGHT,1939,1941,
Shakespeare,TWELTH NIGHT,1944,1947,
Shakespeare,HAMLET,1937,1958,
Shakespeare,HAMLET,1959,1960,
Shakespeare,HAMLET,2007,2008,
Shakespeare,KING LEAR,1937,2006,
Shakespeare,KING LEAR,2009,2018,
Shakespeare,AS YOU LIKE IT,1938,1939,
Shakespeare,AS YOU LIKE IT,1952,1953,
Shakespeare,MACBETH,1941,1943,
Shakespeare,THE TEMPEST,1941,1943,
Shakespeare,THE TEMPEST,1949,1952,
Shakespeare,THE TEMPEST,1959,1962,
Shakespeare,THE TEMPEST,1974,1975,
Shakespeare,THE TEMPEST,1977,1978,
Shakespeare,THE TEMPEST,1982,1986,
Shakespeare,MUCH ADO ABOUT NOTHING,1942,1944,
Shakespeare,MEASURE FOR MEASURE,1943,1945,
Shakespeare,TROILUS AND CRESSIDA,1958,1959,
Shakespeare,ANTHONY AND CLEOPATRA,1959,1960,
Shakespeare,ANTHONY AND CLEOPATRA,1961,1962,
Cervantes,DON QUIXOTE,1937,1973,
Cervantes,DON QUIXOTE,1978,1986,
Cervantes,DON QUIXOTE,1990,2018,
Milton,PARADISE LOST,1937,1957,
Milton,PARADISE LOST,1959,1968,
Milton,PARADISE LOST,1970,1973,
Milton,PARADISE LOST,2015,2018,
Milton,SAMSON AGONISTES,1957,1959,
Milton,SAMSON AGONISTES,1970,1971,
Milton,SAMSON AGONISTES,1972,1973,
Milton,LYCIDAS,,,"Note:  The record is not clear on this but, since some veterans insist Lycidas was read as a required text, it is included here."
Spinoza,ETHICS,1937,1957,
Spinoza,ETHICS,1958,1968,
Spinoza,ETHICS,1970,1971,
Spinoza,ETHICS,1972,1973,
Descartes,MEDITATIONS,1966,1968,
Descartes,MEDITATIONS,1980,1992,
Molière,TARTUFFE,1937,1958,
Molière,TARTUFFE,1959,1967,
Molière,THE PHYSICIAN IN SPITE OF HIMSELF,1937,1944,
Molière,THE PHYSICIAN IN SPITE OF HIMSELF,1950,1958,
Molière,THE PHYSICIAN IN SPITE OF HIMSELF,1961,1964,
Molière,THE SCHOOL OF WIVES,1938,1964,
Molière,THE BOURGEOIS GENTLEMAN,1943,1949,
Molière,THE WOULD BE INVALID,1953,1954,
Molière,THE WOULD BE INVALID,1958,1959,
Molière,THE PRECIOUS RIDICULOUS,1958,1959,
Mme. de Lafayette,THE PRINCESS OF CLEVES,1986,1990,
Swift,GULLIVER'S TRAVELS,1937,1968,
Swift,GULLIVER'S TRAVELS,1970,1973,
Swift,GULLIVER'S TRAVELS,1982,1984,
Fielding,TOM JONES,1937,1949,
Hume,DIALOGUE CONCERNING NATURAL RELIGION,1957,1958,
Diderot,RAMEAU'S NEPHEW,1955,1956,
Rousseau,CONFESSIONS,1937,1945,
Rousseau,CONFESSIONS,1972,1973,
Rousseau,CONFESSIONS,1978,1979,
Lessing,LAOCOON,1944,1946,
Voltaire,CANDIDE,1937,1952,
Voltaire,CANDIDE,1953,1955,
Voltaire,CANDIDE,1956,2008,
Voltaire,CANDIDE,1959,1963,
Voltaire,CANDIDE,1979,1980,
Voltaire,ZADIG AND MICROMEGAS,1958,1959,
Goethe,FAUST,1937,1945,
Goethe,FAUST,1950,1958,
Goethe,FAUST,1959,1967,
Goethe,FAUST,1970,1972,
Goethe,FAUST,1978,1979,
Goethe,FAUST,1986,2000,
Goethe,FAUST,2012,2015,
Nietzsche,BEYOND GOOD AND EVIL,1955,1956,
Nietzsche,BEYOND GOOD AND EVIL,1958,1959,
Nietzsche,BEYOND GOOD AND EVIL,1979,1980,
Blake,PORTABLE BLAKE,1967,1968,
Austen,PRIDE AND PREJUDICE,1985,2018,
Stendhal,THE RED AND THE BLACK,1972,1973,
Stendhal,THE RED AND THE BLACK,1981,1982,
Dostoyevsky,CRIME AND PUNISHMENT,1952,1958,
Dostoyevsky,CRIME AND PUNISHMENT,1959,1962,
Dostoyevsky,CRIME AND PUNISHMENT,1970,1973,
Dostoyevsky,CRIME AND PUNISHMENT,1978,1984,
Dostoyevsky,CRIME AND PUNISHMENT,2000,2018,
Dostoyevsky,THE DEVILS,1958,1959,
Dostoyevsky,NOTES FROM UNDERGROUND,1962,1968,
Dostoyevsky,NOTES FROM UNDERGROUND,1970,1973,
Dostoyevsky,NOTES FROM UNDERGROUND,1978,1979,
Shaw,MAN AND SUPERMAN,1952,1953,
Melville,MOBY DICK,1972,1973,
Adams,EDUCATION,1955,1956,
Kafka,THE TRIAL or METAMORPHOSIS,1972,1973,
Yeats,SELECTED POEMS,1955,1956,
Woolf,TO THE LIGHTHOUSE,1990,2018,
Havel,GARDEN PARTY,2006,2006,
Ovid,HEROIDES,2015,2018,
Morrison,SONG OF SOLOMON,2015,2018,